Feature,Importance
price_spread_ratio,680.0
Volume,572.6666666666666
price_spread,481.6666666666667
volume_change_ratio,372.0
n_months_present,329.3333333333333
TOTAL_sources,317.0
Avg_Price_roll3_mean,298.3333333333333
Avg_Price_lag1,290.6666666666667
Volume_lag1,256.0
Avg_Price_roll3_std,255.33333333333334
cos_month,212.33333333333334
India,207.0
Local,203.66666666666666
Avg_Price_lag2,202.33333333333334
sin_month,170.0
Max_Price_roll3_mean,158.33333333333334
import_share,156.0
TOTAL_sources_lag1,150.33333333333334
total_imports,144.66666666666666
Min_Price_roll3_mean,138.33333333333334
Min_Price_lag1,133.0
China,126.33333333333333
Narayangadh,109.33333333333333
Max_Price_lag1,103.0
Min_Price_roll3_std,102.66666666666667
Min_Price_lag2,100.33333333333333
Kathmandu,83.0
Max_Price_roll3_std,82.33333333333333
ktm_supply_share,74.33333333333333
Hetauda,73.66666666666667
Dhading,72.33333333333333
Max_Price_lag2,70.66666666666667
Gorkha,66.33333333333333
Tanahu,65.0
Birgunj,51.666666666666664
import_ratio,41.0
Sarlahi,37.666666666666664
Dang,28.0
Mustang,26.666666666666668
Sunsari,21.666666666666668
Nawalparasi,20.333333333333332
Lamjung,12.333333333333334
Baglung,11.0
Beni,8.0
is_balanced,7.0
Volume_Equals,5.666666666666667
reconciliation_gap,5.666666666666667
Nuwakot,5.333333333333333
Syangja,5.333333333333333
Jhapa,4.333333333333333
Palpa,0.6666666666666666
Parbat,0.6666666666666666
Kevray,0.0
Lahan,0.0
unit_changed,0.0
Bhutan,0.0
Bara,0.0
Mugu,0.0
Marpha,0.0
Myagdi,0.0
Rupandehi,0.0
Sindhuli,0.0
Rukum,0.0
Salyan,0.0
Rolpa,0.0
