Product_Name,Category,Last_Observed_Month_Idx,Last_Observed_Month_Name,n_months_present,is_balanced,Forecast_Month_Idx,Baseline_Min_Price,Baseline_Avg_Price,Baseline_Max_Price,RF_Predicted_Min_Price,RF_Predicted_Avg_Price,RF_Predicted_Max_Price,LightGBM_Predicted_Min_Price,LightGBM_Predicted_Avg_Price,LightGBM_Predicted_Max_Price
Akabary_Chilly,vegetable,10,baishakh,5,False,11,300.0,439.77,500.0,317.27,366.54,431.49,305.33,412.31,442.01
Amala,fruit,10,baishakh,9,False,11,80.0,135.0,150.0,126.98,136.27,152.55,119.93,146.93,214.59
Apple,fruit,10,baishakh,10,True,11,225.0,255.0,330.0,219.85,270.92,344.83,225.34,277.05,335.61
Apple_Fuji,fruit,10,baishakh,7,False,11,270.0,300.0,330.0,283.56,307.15,333.75,271.62,303.07,331.46
Arum,vegetable,10,baishakh,10,True,11,60.0,69.09,80.0,68.98,75.01,85.47,54.99,54.99,54.99
Avocado,fruit,10,baishakh,10,True,11,300.0,721.43,1000.0,360.88,411.4,480.51,439.73,492.82,525.13
Bakula,vegetable,10,baishakh,4,False,11,80.0,100.91,120.0,88.93,111.31,134.89,79.96,93.77,109.2
Bambooshoot,vegetable,10,baishakh,7,False,11,60.0,65.0,70.0,60.0,67.73,74.14,55.88,62.23,67.72
Banana,fruit,10,baishakh,7,False,11,100.0,130.45,150.0,103.4,127.32,153.25,132.7,167.8,187.62
Banana_Green,fruit,10,baishakh,10,True,11,180.0,194.91,230.0,124.18,157.21,199.14,154.66,161.74,214.5
Barela,vegetable,10,baishakh,9,False,11,80.0,99.55,120.0,82.72,102.22,120.24,91.28,101.62,127.13
Bayar,fruit,10,baishakh,7,False,11,100.0,110.0,120.0,89.98,100.46,111.21,81.4,89.86,116.71
Beat_Chukunder,vegetable,10,baishakh,10,True,11,80.0,100.0,120.0,81.44,100.76,120.46,94.18,103.54,119.36
Bitter_Gourd,vegetable,10,baishakh,10,True,11,130.0,172.5,220.0,75.46,114.72,161.44,31.55,73.42,167.64
Bottle_Gourd,vegetable,10,baishakh,10,True,11,80.0,102.73,120.0,72.47,94.47,117.08,61.76,96.58,131.59
Brinjal_Gland,vegetable,7,magh,4,False,8,80.0,107.89,120.0,78.73,93.03,107.33,90.03,101.96,107.75
Brinjal_Long,vegetable,10,baishakh,10,True,11,80.0,90.0,100.0,72.6,93.42,110.42,69.97,70.02,94.2
Broad_Leaf_Mustard,vegetable,10,baishakh,10,True,11,40.0,101.36,120.0,56.99,79.5,106.56,51.4,84.8,116.87
Broccoli,vegetable,10,baishakh,9,False,11,50.0,113.86,200.0,76.99,109.97,133.4,72.04,126.86,136.49
Cabbage,vegetable,10,baishakh,10,True,11,25.0,37.73,60.0,39.9,54.34,74.57,38.59,48.41,86.89
Cabbage_Red,vegetable,10,baishakh,10,True,11,60.0,90.23,200.0,89.69,121.16,169.88,88.56,130.68,150.74
Carrot,vegetable,10,baishakh,10,True,11,30.0,45.91,60.0,43.37,62.59,82.65,32.09,52.26,66.49
Cauliflower_Hill,vegetable,10,baishakh,10,True,11,15.0,78.86,120.0,44.37,68.18,100.94,48.03,82.88,90.52
Chilly_Green,vegetable,10,baishakh,10,True,11,130.0,174.32,220.0,88.29,124.32,171.14,65.2,98.06,155.88
Christophine,vegetable,10,baishakh,10,True,11,60.0,65.0,70.0,61.5,72.48,82.91,55.07,69.01,78.22
Coconut,fruit,10,baishakh,10,True,11,150.0,155.0,160.0,150.4,159.87,167.49,154.97,155.21,155.21
Coriander_Green,vegetable,10,baishakh,10,True,11,30.0,102.05,250.0,80.87,149.93,218.79,106.33,181.18,350.28
Cow_Pea,vegetable,10,baishakh,10,True,11,130.0,166.67,200.0,83.72,118.12,161.37,64.09,108.82,159.56
Cress_Leaf,vegetable,10,baishakh,9,False,11,,47.5,,125.06,148.88,171.21,117.46,159.8,180.66
Cucumber,vegetable,10,baishakh,10,True,11,40.0,71.82,100.0,44.26,79.9,119.61,42.11,92.1,135.48
Dragon_Fruits,fruit,10,baishakh,10,True,11,300.0,325.0,350.0,271.4,342.93,373.57,270.22,371.41,455.65
Fenugreek_Leaf,vegetable,10,baishakh,8,False,11,,47.5,,124.38,147.18,170.79,121.6,149.52,149.52
French_Bean,vegetable,10,baishakh,10,True,11,60.0,117.95,150.0,62.25,100.02,141.86,51.51,77.3,128.6
Garlic_Dry,vegetable,10,baishakh,8,False,11,,135.0,,130.37,147.63,168.77,76.42,106.41,117.27
Garlic_Green,vegetable,10,baishakh,10,True,11,60.0,70.0,80.0,77.72,90.98,105.97,70.58,70.58,102.54
Ginger,vegetable,10,baishakh,10,True,11,80.0,103.18,120.0,80.67,108.16,137.03,90.07,122.95,156.66
Grapes,fruit,10,baishakh,10,True,11,,230.0,,169.71,202.71,239.47,160.06,174.76,201.95
Green_Peas,vegetable,10,baishakh,9,False,11,50.0,96.36,130.0,72.01,90.75,116.2,88.01,88.01,109.59
Green_Ve,vegetable,10,baishakh,9,False,11,,47.5,,94.79,114.18,126.2,109.48,114.11,133.87
Guava,fruit,10,baishakh,10,True,11,100.0,163.18,200.0,130.21,147.76,160.73,138.8,168.34,186.05
Gundruk,vegetable,10,baishakh,9,False,11,300.0,300.0,300.0,298.6,303.78,323.94,240.61,297.52,318.08
Haluwabed,fruit,10,baishakh,8,False,11,300.0,300.0,300.0,283.3,305.5,307.48,309.31,332.13,332.13
Jack_Fruit,fruit,10,baishakh,7,False,11,,110.0,,102.78,117.32,135.03,72.39,72.39,89.39
Khasa_Garlic_Dry,vegetable,10,baishakh,10,True,11,250.0,275.0,300.0,237.59,286.71,342.06,230.85,230.85,295.7
Kiwi,fruit,10,baishakh,10,True,11,250.0,336.36,400.0,283.57,330.16,399.08,348.72,356.31,390.49
Kurilo,vegetable,9,chaitra,8,False,10,400.0,450.0,500.0,395.78,461.6,515.11,420.1,460.34,513.97
Lemon,fruit,10,baishakh,10,True,11,260.0,309.32,350.0,213.6,261.36,329.89,258.6,306.24,356.23
Malta,fruit,10,baishakh,10,True,11,230.0,240.0,250.0,227.78,255.08,278.02,230.18,257.19,259.06
Mango,fruit,10,baishakh,10,True,11,350.0,375.0,400.0,269.12,313.56,348.48,199.78,204.02,264.26
Mango_Green,fruit,10,baishakh,1,False,11,,,,143.18,164.81,183.18,147.31,153.05,153.05
Mombin,fruit,7,magh,6,False,8,100.0,100.0,100.0,104.38,107.03,115.09,194.65,194.65,245.72
Mushroom,vegetable,10,baishakh,10,True,11,140.0,205.23,250.0,116.95,154.78,203.19,145.16,188.18,217.37
Okara,vegetable,10,baishakh,10,True,11,120.0,143.86,180.0,75.5,112.42,159.92,47.48,120.82,169.4
Onion_Dry,vegetable,10,baishakh,10,True,11,30.0,39.05,60.0,38.43,48.84,61.91,29.36,29.36,46.27
Onion_Green,vegetable,10,baishakh,10,True,11,30.0,47.27,60.0,55.6,76.39,97.58,34.34,47.68,62.4
Orange,fruit,10,baishakh,10,True,11,140.0,164.55,220.0,165.23,203.78,243.38,195.78,221.0,245.64
Orange_Sweet,fruit,10,baishakh,10,True,11,100.0,110.0,120.0,94.23,103.81,112.87,69.42,82.74,102.45
Papaya,fruit,10,baishakh,10,True,11,,95.0,,88.84,107.89,120.45,75.08,75.08,111.13
Peanuts,fruit,7,magh,2,False,8,,210.0,,163.92,195.23,215.47,109.83,126.97,126.97
Pear,fruit,10,baishakh,9,False,11,200.0,205.0,210.0,191.97,198.41,208.26,208.49,208.49,212.6
Pear_China,fruit,5,mangsir,3,False,6,200.0,205.0,210.0,188.32,201.58,204.74,228.71,228.71,228.71
Pine_Apple,fruit,10,baishakh,10,True,11,130.0,165.91,200.0,137.38,162.02,192.23,149.0,178.75,208.8
Pointed_Gourd,vegetable,10,baishakh,9,False,11,100.0,151.67,200.0,112.44,137.48,163.63,116.48,124.24,167.92
Pomegranate,fruit,10,baishakh,10,True,11,300.0,325.0,350.0,282.08,347.53,385.67,296.16,416.14,500.68
Potato,vegetable,6,poush,1,False,7,,,,93.87,124.36,145.23,94.26,152.59,152.59
Potato_Blue,vegetable,9,chaitra,6,False,10,40.0,45.0,50.0,41.47,46.78,51.75,34.31,34.31,36.22
Potato_R,vegetable,10,baishakh,9,False,11,30.0,33.3,40.0,42.34,46.78,53.61,39.86,51.48,51.48
Potato_W,vegetable,9,chaitra,7,False,10,30.0,32.5,35.0,38.42,43.95,52.54,-19.7,-14.69,-4.22
Pumpkin,vegetable,10,baishakh,10,True,11,50.0,55.0,60.0,54.21,64.11,72.91,56.73,56.73,103.84
Pumpkin_Green,vegetable,10,baishakh,10,True,11,30.0,60.45,70.0,53.47,66.89,82.7,40.36,49.96,78.2
Pumpkin_Leaf,vegetable,10,baishakh,7,False,11,,75.0,,91.93,107.84,135.82,61.52,63.27,63.27
Radish_Red,vegetable,10,baishakh,10,True,11,80.0,90.0,100.0,74.57,90.27,102.93,81.88,100.51,117.95
Radish_White,vegetable,10,baishakh,10,True,11,30.0,46.48,70.0,46.89,70.06,86.86,32.51,48.92,48.92
Rajma,vegetable,10,baishakh,9,False,11,100.0,135.83,150.0,115.86,137.94,168.27,123.99,133.41,186.49
Red_Grapes,fruit,10,baishakh,8,False,11,400.0,450.0,500.0,374.49,446.05,496.42,386.89,455.61,504.07
Sajiwan,vegetable,10,baishakh,9,False,11,200.0,256.15,300.0,209.96,249.83,302.77,201.89,201.89,272.91
Sarifa,fruit,6,poush,4,False,7,,250.0,,216.69,244.45,293.43,117.87,179.39,179.39
Smooth_Gourd,vegetable,10,baishakh,10,True,11,80.0,128.86,180.0,75.8,114.51,153.7,61.74,95.84,158.59
Snake_Gourd,vegetable,10,baishakh,9,False,11,,95.0,,112.86,122.98,135.14,94.04,103.52,140.99
Soya_Bean_Green,vegetable,4,kartik,4,False,5,100.0,143.75,200.0,140.22,158.34,184.2,119.6,160.89,163.22
Spinach_Leaf,vegetable,10,baishakh,10,True,11,20.0,47.5,60.0,61.34,77.58,93.09,38.04,55.56,72.21
Sponge_Gourd,vegetable,9,chaitra,5,False,10,60.0,85.53,100.0,103.15,103.39,115.95,164.59,175.6,231.63
Squash,vegetable,10,baishakh,10,True,11,20.0,60.91,80.0,48.92,69.04,94.64,21.09,51.14,82.25
Strawberry,fruit,10,baishakh,6,False,11,500.0,550.0,600.0,435.0,501.0,568.78,476.29,544.48,544.48
Sugarcane,fruit,10,baishakh,10,True,11,160.0,165.0,170.0,160.82,168.71,182.56,165.96,172.51,181.9
Sweet_Pepper,vegetable,10,baishakh,10,True,11,100.0,120.68,150.0,91.45,116.19,138.17,88.18,118.33,126.26
Sweet_Potato,vegetable,10,baishakh,8,False,11,100.0,110.0,120.0,91.29,105.09,119.01,68.22,68.22,68.22
Sword_Bean,vegetable,10,baishakh,7,False,11,60.0,107.27,150.0,90.08,117.77,146.11,123.2,128.65,147.36
Tomato,vegetable,3,ashwin,1,False,4,,,,85.19,113.16,139.59,72.66,136.59,136.59
Tomato_Big,vegetable,10,baishakh,7,False,11,60.0,75.68,100.0,60.62,73.99,92.04,46.8,58.19,87.97
Tomato_Small,vegetable,10,baishakh,10,True,11,26.0,68.5,130.0,49.17,76.98,120.07,54.04,79.94,125.0
Turnip,vegetable,10,baishakh,9,False,11,100.0,110.0,120.0,94.53,104.94,115.88,73.37,79.54,105.53
Walnut,fruit,3,ashwin,1,False,4,,,,189.6,234.58,289.03,175.48,194.11,194.11
Watermelon,fruit,10,baishakh,10,True,11,40.0,53.18,80.0,47.32,59.59,73.73,41.67,57.91,57.91
Yam,vegetable,10,baishakh,8,False,11,100.0,110.0,120.0,91.83,106.65,125.41,91.01,91.01,120.88
