Product_Name,Mean_Price_Spread,Price_Spread_STD,Months,RF_Mean_MAE,LightGBM_Mean_MAE
Akabary_Chilly,320.0,216.79483388678798,5,,
Coriander_Green,305.4,186.58819779277457,10,28.053333333333338,41.076666666666675
Cabbage_Red,204.0,127.03455347966465,10,77.09333333333333,14.946666666666664
Kiwi,160.0,171.26976771553504,10,33.34666666666667,40.06999999999999
Red_Grapes,160.0,65.90035768383312,8,,
Garlic_Green,152.0,117.35984548955973,10,62.21666666666666,30.639999999999997
Avocado,150.0,209.4967514996089,10,382.8333333333333,336.5833333333333
Apple,149.0,39.70726214015097,10,11.383333333333335,11.413333333333336
Onion_Green,123.0,66.17317348358691,10,53.75,27.263333333333332
Khasa_Garlic_Dry,107.0,90.55998625834211,10,43.06,55.16000000000002
French_Bean,102.0,22.01009869229224,10,6.423333333333328,7.9566666666666634
Kurilo,100.0,0.0,8,,
Broccoli,98.88888888888889,64.89307444643929,9,,
Cow_Pea,97.0,41.10960958218893,10,27.97666666666666,28.73
Orange,96.66666666666667,63.245553203367585,10,44.550000000000004,33.99666666666666
Cucumber,95.0,19.436506316150993,10,19.246666666666673,23.58333333333334
Lemon,94.0,75.45418035691152,10,134.89333333333335,110.87666666666667
Dragon_Fruits,90.0,39.44053188733078,10,59.816666666666684,67.7
Mango,88.0,63.38594306135847,10,151.19,168.42333333333332
Strawberry,86.66666666666667,71.18052168020874,6,,
Cauliflower_Hill,84.5,24.08895551446301,10,14.550000000000002,4.829999999999998
Mushroom,84.0,24.585451886114367,10,82.88,38.096666666666664
Apple_Fuji,80.0,52.91502622129181,7,,
Cress_Leaf,80.0,56.568542494923804,9,,
Pomegranate,77.77777777777777,26.352313834736496,10,14.71666666666666,21.98666666666666
Chilly_Green,74.0,21.70509412813294,10,15.889999999999995,14.673333333333332
Soya_Bean_Green,72.5,20.615528128088304,4,,
Smooth_Gourd,72.0,26.583202716502512,10,41.709999999999994,42.86666666666667
Bitter_Gourd,71.5,30.00462927246024,10,64.69,40.09333333333333
Rajma,71.42857142857143,28.535691936340257,9,,
Okara,71.0,28.06737924669451,10,42.596666666666664,37.98666666666666
Green_Peas,67.5,25.495097567963924,9,,
Tomato_Small,64.9,21.262643297577096,10,7.333333333333333,26.0
Pear_China,63.333333333333336,92.37604307034012,3,,
Sweet_Pepper,62.0,37.3571352696584,10,7.836666666666659,8.333333333333329
Broad_Leaf_Mustard,62.0,24.517567397911055,10,10.446666666666665,5.803333333333332
Spinach_Leaf,58.0,24.404006956964167,10,9.39666666666667,19.293333333333333
Sajiwan,57.77777777777778,28.62594006219611,9,,
Carrot,56.0,22.705848487901868,10,7.716666666666666,15.780000000000001
Pointed_Gourd,55.0,24.49489742783178,9,,
Garlic_Dry,55.0,44.609416046390926,8,,
Ginger,53.0,13.374935098492585,10,14.116666666666665,26.06
Squash,53.0,34.41575866437415,10,23.44666666666667,13.26
Banana_Green,52.4,26.994649675650745,10,25.50666666666667,21.02
Sword_Bean,50.0,28.284271247461902,7,,
Brinjal_Long,48.0,17.511900715418264,10,7.536666666666666,3.0366666666666666
Beat_Chukunder,46.0,12.649110640673518,10,1.676666666666667,12.156666666666666
Pine_Apple,45.0,26.770630673681683,10,48.09666666666666,38.413333333333334
Guava,45.0,32.05897343611891,10,47.406666666666666,23.130000000000006
Bakula,45.0,19.148542155126762,4,,
Bottle_Gourd,45.0,20.68278940998476,10,24.096666666666664,12.76
Radish_Red,42.0,19.888578520235065,10,2.5,6.686666666666667
Barela,41.25,3.5355339059327373,9,,
Snake_Gourd,40.0,12.247448713915889,9,,
Fenugreek_Leaf,40.0,,8,,
Grapes,40.0,0.0,10,,
Banana,40.0,19.148542155126762,7,,
Cabbage,38.5,15.465014279549393,10,20.139999999999997,9.03
Amala,37.5,27.12405363721075,9,,
Radish_White,35.0,19.364916731037084,10,29.540000000000003,17.319999999999997
Pumpkin_Green,33.0,17.029386365926403,10,9.54,12.26
Brinjal_Gland,32.5,9.57427107756338,4,,
Tomato_Big,32.142857142857146,17.286107827082528,7,,
Pumpkin_Leaf,32.0,10.954451150103322,7,,
Papaya,28.0,22.80350850198276,10,25.55666666666667,26.37666666666667
Gundruk,25.0,46.29100498862757,9,,
Sponge_Gourd,22.5,12.583057392117917,5,,
Onion_Dry,22.4,7.748835037890821,10,10.953333333333331,12.940000000000003
Mombin,22.0,34.92849839314596,6,,
Sweet_Potato,21.25,8.345229603962801,8,,
Malta,21.0,11.972189997378647,10,36.88999999999999,53.63666666666666
Watermelon,20.5,13.834337312964756,10,33.916666666666664,24.25
Turnip,20.0,0.0,9,,
Orange_Sweet,20.0,0.0,10,4.609999999999999,7.930000000000002
Sugarcane,20.0,21.081851067789195,10,6.176666666666658,2.1100000000000043
Yam,20.0,0.0,8,,
Christophine,19.0,12.866839377079188,10,8.846666666666664,7.296666666666664
Arum,19.0,3.162277660168379,10,10.543333333333331,10.076666666666666
Bayar,18.333333333333332,4.0824829046386295,7,,
Pumpkin,15.0,8.498365855987974,10,16.643333333333334,19.199999999999996
Jack_Fruit,12.5,5.0,7,,
Coconut,12.0,4.216370213557839,10,2.589999999999994,14.643333333333336
Potato_W,10.714285714285714,6.074928962939559,7,,
Potato_R,10.666666666666666,3.774917217635375,9,,
Bambooshoot,10.0,0.0,7,,
Potato_Blue,10.0,0.0,6,,
Pear,10.0,0.0,9,,
Haluwabed,8.333333333333334,20.41241452319315,8,,
Sarifa,0.0,,4,,
Green_Ve,,,9,,
Mango_Green,,,1,,
Peanuts,,,2,,
Potato,,,1,,
Tomato,,,1,,
Walnut,,,1,,
